No;Paket;Status;Pemilik;Catatan;Bukti
"1";"Member — lifecycle editor";"done";"Codex-3 / QC";"Temuan identitas editor dan respons lama ditutup; 98 eksekusi assertion QC lulus.";"docs/qa/qc-member-2026-10-09/recheck/REPORT.md"
"2";"Katalog — memoization 3 detail";"done";"Senior 8 / QC";"Delta detail bundling, extra-menu dan menu lulus dalam paket QC Senior 8.";"docs/qa/qc-senior8-2026-10-09/REPORT.md"
"3";"Saldo akun — AccountBalanceCard";"done";"Senior 8 / QC";"Sinkronisasi saldo/draft lulus QC; bagian dari paket 72 assertion, bukan 72 khusus kartu.";"docs/qa/qc-senior8-2026-10-09/REPORT.md"
"4";"Printer — lifecycle pengaturan";"done";"Senior 6 / QC";"Delta lifecycle lulus; printer fisik dan applyTo tetap di luar persetujuan.";"docs/qa/qc-sd6-2026-10-09/recheck/REPORT.md"
"5";"Pembulatan — kontrak pangkat";"done";"Senior 6 / QC";"P1 nominal/pangkat ditutup; payload dan CartPricingService produksi diperiksa tanpa mutasi DB.";"docs/qa/qc-sd6-2026-10-09/recheck/REPORT.md"
"6";"Barcode — picker/cetak/jumlah";"done";"Senior 7 / QC";"ProductPicker, Print dan Incrementer lulus 105 assertion; cetak fisik belum disahkan.";"docs/qa/qc-barcode-2026-10-09/REPORT.md"
"7";"Picker bersama — pilih dan urut";"done";"Senior 7 / QC";"SingleSelect/SortActionSheet lulus 111 assertion; batas native/accessibility tetap berlaku.";"docs/qa/qc-pickers-2026-10-09/REPORT.md"
"8";"Onboarding dan transisi mode";"done";"Senior 5 / QC";"SD5-001 lulus 81 assertion; boot/auth SD5-002 merupakan paket terpisah.";"docs/qa/qc-sd5-2026-10-09/REPORT.md"
"9";"CardList — filter laporan";"done";"Senior 7 / QC";"Filter sheet/hook dan 7 pemanggil lulus 125 assertion; nominal laporan tidak disahkan.";"docs/qa/qc-cardlist-2026-10-09/REPORT.md"
"10";"Migrasi SDK57 / snapshot integrasi";"ready";"Senior 5 / PM";"Branch integrasi tersedia; penerimaan QC independen dan gate main masih diperlukan.";"docs/SDK57_UPGRADE.md"
"11";"Pendapatan / penerimaan";"ready";"Developer modul / QA-QC";"UI/model memiliki bukti pembuat; API/persistensi/jurnal otomatis belum terhubung.";"docs/previews/income/README.md"
"12";"Biaya / pengeluaran";"ready";"Developer modul / QA-QC";"UI/model tersedia pada state contoh; menunggu review independen dan integrasi nyata.";"docs/previews/expenses/README.md"
"13";"Inventory — 5 alur yang terhubung";"ready";"Developer Inventory / QA-QC";"Hub/summary/transfer/adjustment/purchase memiliki pratinjau; backend/native belum disahkan.";"docs/previews/inventory/README.md"
"14";"Pemasok / kaitan pembelian";"ready";"Developer Inventory / QA-QC";"Alur pratinjau selesai; data sesi dan wilayah terbatas, belum persistensi backend.";"docs/previews/inventory/suppliers/README.md"
"15";"Bantuan — FAQ/feedback/fitur";"ready";"Codex-3 / QA-QC";"Handoff tersedia; API dan lampiran mengikuti batas laporan, belum QC independen terbaru.";"docs/SUPPORT_UI_PROGRESS.md"
"16";"Role / hak akses";"ready";"Codex-3 / QA-QC";"CRUD dan bukti API tersedia; cocokkan backend dan lakukan QC independen sebelum publikasi.";"docs/ROLES_UI_PROGRESS.md"
"17";"Karyawan";"ready";"Codex-3 / QA-QC";"UI/router/API memiliki bukti pembuat; audit independen/source backend masih diperlukan.";"docs/WORKERS_UI_PROGRESS.md"
"18";"Manajemen Tempat / denah";"ready";"Developer modul / PM-QC";"UI/model tersedia; fix Reanimated sudah dicek PM, fitur/native penuh belum disahkan.";"docs/previews/place/README.md"
"19";"Tampilan struk";"ready";"Developer modul / QA-QC";"Pratinjau/settings tersedia; belum API/persistensi perangkat/integrasi printer.";"docs/previews/receipt/README.md"
"20";"Target penjualan";"ready";"Developer modul / QA-QC";"UI/model tersedia; target masih contoh lokal, belum capaian transaksi nyata/persistensi.";"docs/previews/sales-target/README.md"
"21";"Batas Stok — kontrak ID/jenis";"ready";"Senior 6 / QA-QC";"SD6-002 source READY_FOR_QA; supplement Query/Axios masih dilengkapi, hash baru perlu QC.";"docs/qa/senior-6-2026-10-09/stock-contract/HANDOFF.md"
"22";"Buku Besar — filter/total/periode";"ready";"Senior 8 / QA-QC";"Perbaikan QC-S8-LEGACY-001/002 READY_FOR_QA; belum keputusan QC pada delta baru.";"docs/qa/senior-8-2026-10-09/ledger-filters/HANDOFF.md"
"23";"Startup HP — cache NativeWind";"ready";"Senior 7 / QA-QC";"Developer membuktikan 2 cold launch HP berhasil; guard cache baru menunggu QA/QC.";"docs/qa/senior-7-2026-10-09/startup/HANDOFF.md"
"24";"Jurnal Umum / Penyesuaian";"ready";"Codex-3 / QA-QC";"Lifecycle SD3-002 dan validasi SD3-003 siap QA; gunakan supplement/hash terbaru.";"docs/qa/codex-3/journal-validation/HANDOFF.md"
"25";"4 form Kelola / koreksi import";"ready";"Codex-3 / QC";"92 pemeriksaan browser lulus. P3 import sudah dikoreksi developer; QC recheck belum menutup temuan.";"docs/qa/codex-3/manage-imports/HANDOFF.md"
"26";"Payroll — router utama";"active";"Senior 4";"IN_PROGRESS; verifikasi deep link, ID/periode, reload, pembayaran dan slip belum final.";"docs/qa/payroll-navigation-2026-10-09/HANDOFF.md"
"27";"Boot / tujuan auth";"active";"Senior 5";"SD5-002 app/index.tsx IN_PROGRESS; belum handoff final yang ditemukan pada snapshot.";"docs/SESSION_COORDINATION.md"
"28";"Buku Besar — alokasi ID";"active";"Senior 8";"LEDGER-ID-001 IN_PROGRESS; perbaikan collision ID store belum handoff final pada snapshot.";"docs/SESSION_COORDINATION.md"
"29";"Tanggal Promo / Voucher";"queued";"PM / pemilik berikutnya";"WAITING_FOR_SOURCE_HANDOVER pada board; belum ada handoff final baru yang ditemukan.";"docs/PM_TASK_BOARD.md"
"30";"Choose-store / pemilihan toko";"queued";"PM / pemilik auth";"Antrean lanjutan; membutuhkan tiket/acknowledgment terpisah, belum klaim final pada snapshot.";"docs/qa/senior-5-2026-10-09/HANDOFF.md"
"31";"Inventory — Bahan Baku";"queued";"PM / developer Inventory";"Menu hub belum memiliki href. Alur ini belum terhubung; tidak menyimpulkan seluruh domain belum punya source.";"app/(back-office)/inventory/index.tsx"
"32";"Inventory — Komposisi Produk";"queued";"PM / developer Inventory";"Menu hub belum memiliki href. Alur ini belum terhubung; tidak menyimpulkan seluruh domain belum punya source.";"app/(back-office)/inventory/index.tsx"
"33";"Inventory — Pembayaran Tagihan";"queued";"PM / developer Inventory";"Menu hub belum memiliki href. Alur ini belum terhubung; tidak menyimpulkan seluruh domain belum punya source.";"app/(back-office)/inventory/index.tsx"
"34";"Inventory — Riwayat Mutasi Stok";"queued";"PM / developer Inventory";"Menu hub belum memiliki href. Alur ini belum terhubung; tidak menyimpulkan seluruh domain belum punya source.";"app/(back-office)/inventory/index.tsx"
"35";"Inventory — Stok Akhir";"queued";"PM / developer Inventory";"Menu hub belum memiliki href. Alur ini belum terhubung; tidak menyimpulkan seluruh domain belum punya source.";"app/(back-office)/inventory/index.tsx"