"file","route","area","status","frameIds","candidateFrameIds","mappingProof","sha256","visualApproved"
"app/(absence)/camera.tsx","/camera","Absensi","FRAME_NOT_YET_MAPPED","","","","818d7672e47c0692699e6b0132a9bb1ff7e6497f701b5dbf7d63d4a73e2ce07d","false"
"app/(absence)/history/detail.tsx","/history/detail","Absensi","GUIDE_ONLY_NO_FRAME_DOCUMENTED","","","docs/ABSENCE_HISTORY_UI_PROGRESS.md","1fd21133176efa2fe30c09794aecbc42bdc9f988136836f677639ebab1d8f84d","false"
"app/(absence)/history/index.tsx","/history","Absensi","GUIDE_ONLY_NO_FRAME_DOCUMENTED","","","docs/ABSENCE_HISTORY_UI_PROGRESS.md","c0af470534769bace4e21247a5fd3d0da58dd8c0c518483160524137f9a63b89","false"
"app/(absence)/home.tsx","/home","Absensi","FRAME_NOT_YET_MAPPED","","","","f36873523eab85188bcd2400138e1e32f0dd3830e11ba9e6ba98a3ee61e0bb52","false"
"app/(absence)/record.tsx","/record","Absensi","FRAME_NOT_YET_MAPPED","","","","4e68d80e36237434b52c993b868956b686ea24db129c795f2bf952d305518f1b","false"
"app/(back-office)/catalog/index.tsx","/catalog","Katalog","CANDIDATE_METADATA_ONLY","","1:4663","","35e068cb8501ed77c3f934c343a27c9f470b46fef1cf1c6e9220417b6200179b","false"
"app/(back-office)/home/index.tsx","/home","Lainnya","CANDIDATE_METADATA_ONLY","","1:3437;1:3595;1:3774;1:4101;1:5080;1:6352","","d37124e3c96e93049925cc29f968b3d25fcc403c598750a12a8823e92d75e971","false"
"app/(back-office)/home/transaction-history.tsx","/home/transaction-history","Lainnya","FRAME_NOT_YET_MAPPED","","","","5a3747ddac8434a3fd9ccb8e28ea76af1e84fc72259b12a84c26a4289536b8a4","false"
"app/(back-office)/home/transaction.tsx","/home/transaction","Lainnya","FRAME_NOT_YET_MAPPED","","","","6a4f6ba2eaff45c517145bce180710636994f598ea6f64c138d187b0fd3bbe76","false"
"app/(back-office)/inventory/closing-stock.tsx","/inventory/closing-stock","Inventory","REFERENCE_IMAGE_AVAILABLE_PENDING_CURRENT_COMPARISON","1:12401","","docs/FIGMA_PROGRESS.md","4f03af99dd9206197ee8c654554180483853a665b224ba80680108053ea8ce00","false"
"app/(back-office)/inventory/index.tsx","/inventory","Inventory","REFERENCE_IMAGE_AVAILABLE_PENDING_CURRENT_COMPARISON","1:4792","","docs/FIGMA_PROGRESS.md","4b40d82a56e87b586efe7909f43a537af82a818f974fe58abff17d321cdbaf75","false"
"app/(back-office)/inventory/summary.tsx","/inventory/summary","Inventory","REFERENCE_IMAGE_AVAILABLE_PENDING_CURRENT_COMPARISON","1:12487;1:12956","","docs/FIGMA_PROGRESS.md","5976d692d44b17b1e717e11c762d4802486084cea2f10e1dbe4161e6ec285131","false"
"app/(back-office)/manage.tsx","/manage","Kelola","REFERENCE_IMAGE_AVAILABLE_PENDING_CURRENT_COMPARISON","1:4897","","docs/PROJECT_CONTEXT.md","69cd0e9f28d7e316b908b03dbc00627235ddbadab6fcca08327a13aa798e14ed","false"
"app/(back-office)/report/index.tsx","/report","Laporan","CANDIDATE_METADATA_ONLY","","1:4451;1:4558","","fa5dbb1e02ff81f84b4890323234b94e1a3814297faae43d87e84ac7f7e5baaf","false"
"app/(cashier)/biling/detail.tsx","/biling/detail","Kasir","FRAME_NOT_YET_MAPPED","","","","743f9f0c75f65c338a346d93212f5e7a3ce212478fc54b21c60cbec03a54289f","false"
"app/(cashier)/biling/index.tsx","/biling","Kasir","FRAME_NOT_YET_MAPPED","","","","40abd7ec4391d2afd86fa6da505fe125309db54048f1e6c5513e5c27799a72fc","false"
"app/(cashier)/catalog.tsx","/catalog","Kasir","FRAME_NOT_YET_MAPPED","","","","84cbf13f05357c837dca177a85328ccfd020b828f40498b11ac58889e9d3defa","false"
"app/(cashier)/home/index.tsx","/home","Kasir","FRAME_NOT_YET_MAPPED","","","","b1eaa531492431f11957b8f4cbd154fc06f02a17b7e134cf22dae0e11d5b0067","false"
"app/(cashier)/location/index.tsx","/location","Kasir","FRAME_NOT_YET_MAPPED","","","","0e6693a62a6643ba1de3ad6f033b2673b00bca6ddd36c49a78892313a3a3ddaa","false"
"app/(cashier)/report/history-detail.tsx","/report/history-detail","Laporan","FRAME_NOT_YET_MAPPED","","","","3b469e65b32d97959cc4b8c146eaefa124ab31d6fb6a53e2bddbee7e36deca9f","false"
"app/(cashier)/report/history.tsx","/report/history","Laporan","FRAME_NOT_YET_MAPPED","","","","d23bf584fd41881efc9a7c69bb2621612e0881e753d2a692fbcfc702dbdd9292","false"
"app/(cashier)/report/index.tsx","/report","Laporan","FRAME_NOT_YET_MAPPED","","","","708a2d47f58709eb2d5525d4c22f83dc4579a94e0a5e169314b8db45bbd6b422","false"
"app/(no-layout)/(back-office)/manage/account/index.tsx","/manage/account","Kelola","FRAME_NOT_YET_MAPPED","","","","d4b1e0e9c38d6a3fd23948de2fda2c0ab95150d45b86669824c91fb0c6494583","false"
"app/(no-layout)/(back-office)/manage/account/modify-business.tsx","/manage/account/modify-business","Kelola","FRAME_NOT_YET_MAPPED","","","","d8654711bc4c698ea3ff8c52d53558b9fd17377ae0004d0a0b6096de9c86e1e6","false"
"app/(no-layout)/(back-office)/manage/account/modify-owner.tsx","/manage/account/modify-owner","Kelola","FRAME_NOT_YET_MAPPED","","","","91a35f709303cec1b892e0add66a99fc96f3a783e4838b470dbc24e9d1e8bfcf","false"
"app/(no-layout)/(back-office)/manage/generate-barcode/detail.tsx","/manage/generate-barcode/detail","Kelola","FRAME_NOT_YET_MAPPED","","","","2f8b69b5af2ab0327af6c7c5fdf2acfb0b88fcd11554ee190379292a158f0570","false"
"app/(no-layout)/(back-office)/manage/generate-barcode/index.tsx","/manage/generate-barcode","Kelola","FRAME_NOT_YET_MAPPED","","","","e0fde9809795c34725816fe28ce351673edbf0b08318eabb812a578bd5af67b4","false"
"app/(no-layout)/(back-office)/manage/generate-barcode/modify.tsx","/manage/generate-barcode/modify","Kelola","FRAME_NOT_YET_MAPPED","","","","51f220c9ba7247f3c1109fa1f917c26d0e4f1ab7775548bfc1968d34b5ac3d18","false"
"app/(no-layout)/(back-office)/manage/roles/detail.tsx","/manage/roles/detail","Kelola","DOCUMENTED_FRAME_PENDING_FULL_REFERENCE","1:17831","","docs/ROLES_UI_PROGRESS.md","725ab58db1d1072dc005e8b899a4e17c99b2cc2b1b6ee26ab75258970c238a3b","false"
"app/(no-layout)/(back-office)/manage/roles/index.tsx","/manage/roles","Kelola","DOCUMENTED_FRAME_PENDING_FULL_REFERENCE","1:17762","","docs/ROLES_UI_PROGRESS.md","48a03fdca160af36cd573219256fd55ede0af016b8dc17b78d71a3d8e355d39e","false"
"app/(no-layout)/(back-office)/manage/roles/modify.tsx","/manage/roles/modify","Kelola","DOCUMENTED_FRAME_PENDING_FULL_REFERENCE","1:18380","","docs/ROLES_UI_PROGRESS.md","0d3939f023bad8ea7a1d1daa4825ff5265af31a8b516bb51ca1b93be5b56e468","false"
"app/(no-layout)/(back-office)/report/accounting/accounts/detail.tsx","/report/accounting/accounts/detail","Laporan","FRAME_NOT_YET_MAPPED","","","","f14322973a8c7b5500f1c927f0f7b1162108e1a2b25d7df4739a32a0c8dc33e8","false"
"app/(no-layout)/(back-office)/report/accounting/accounts/index.tsx","/report/accounting/accounts","Laporan","FRAME_NOT_YET_MAPPED","","","","d439975ccc898e9b6894f53189be5d61079ffacff0c1cc791327de8e6d7c54e4","false"
"app/(no-layout)/(back-office)/report/accounting/accounts/modify.tsx","/report/accounting/accounts/modify","Laporan","FRAME_NOT_YET_MAPPED","","","","89f8947beb49ff63526c6c684ee3d8a90c184ba4882a33f55c581d83581eac9e","false"
"app/(no-layout)/(back-office)/report/accounting/adjusting-journal/detail.tsx","/report/accounting/adjusting-journal/detail","Laporan","FRAME_NOT_YET_MAPPED","","","","3793e50928bbda2e4cbcceb9e5e4051a914b36683eb0648568350f1b9738acd6","false"
"app/(no-layout)/(back-office)/report/accounting/adjusting-journal/index.tsx","/report/accounting/adjusting-journal","Laporan","FRAME_NOT_YET_MAPPED","","","","ffa92dabb0da42b18b1b842f5af40e17c901e5a0e052a0dfe4948437e6578da0","false"
"app/(no-layout)/(back-office)/report/accounting/adjusting-journal/modify.tsx","/report/accounting/adjusting-journal/modify","Laporan","FRAME_NOT_YET_MAPPED","","","","846f1a8353b2ced2884d2d5dfbbe6f04535ca2cbb57ccd6b946c5dd29068acf4","false"
"app/(no-layout)/(back-office)/report/accounting/balance-sheet.tsx","/report/accounting/balance-sheet","Laporan","FRAME_NOT_YET_MAPPED","","","","97152e0914e3f8d15e040cfad6f7e64711c7656bcda9c5d209443366f839147a","false"
"app/(no-layout)/(back-office)/report/accounting/capital-changes.tsx","/report/accounting/capital-changes","Laporan","FRAME_NOT_YET_MAPPED","","","","f624e77e5c5a2ab1eea39c59e3c585daef24775004666bf5f450c408fb2685bc","false"
"app/(no-layout)/(back-office)/report/accounting/cash-flow/index.tsx","/report/accounting/cash-flow","Laporan","FRAME_NOT_YET_MAPPED","","","","4e6b6448dc038cbae54d5d70465783f4fffe097d12e4cdcc2e3d3f1cbf77a6b3","false"
"app/(no-layout)/(back-office)/report/accounting/cash-flow/investasi.tsx","/report/accounting/cash-flow/investasi","Laporan","FRAME_NOT_YET_MAPPED","","","","35da9eb5a14f76bf1b9f4ed99da487eb60be242600b45c5c0c0dbf78aa931f37","false"
"app/(no-layout)/(back-office)/report/accounting/cash-flow/operasi.tsx","/report/accounting/cash-flow/operasi","Laporan","FRAME_NOT_YET_MAPPED","","","","937caa7680c3f7b0615042c6bdca062e1cc1689512a1d6383a19c30857ec5593","false"
"app/(no-layout)/(back-office)/report/accounting/cash-flow/pendanaan.tsx","/report/accounting/cash-flow/pendanaan","Laporan","FRAME_NOT_YET_MAPPED","","","","a9e97101a1fd137add8093c753d7c0181a19b6f6f7168f817420c2b446b809bc","false"
"app/(no-layout)/(back-office)/report/accounting/closing-journal/detail.tsx","/report/accounting/closing-journal/detail","Laporan","FRAME_NOT_YET_MAPPED","","","","3922889b284bacddf2d3d5ded857e1d8b7910023a4600399e32aaea14c1ab471","false"
"app/(no-layout)/(back-office)/report/accounting/closing-journal/index.tsx","/report/accounting/closing-journal","Laporan","FRAME_NOT_YET_MAPPED","","","","1615d3f577c27beab2a6935790a077f1b331188c9a9321f36c85012548080fb3","false"
"app/(no-layout)/(back-office)/report/accounting/closing-journal/modify.tsx","/report/accounting/closing-journal/modify","Laporan","FRAME_NOT_YET_MAPPED","","","","6d27c7ff407fe16e268b58ebe09a3f6fe2f9a29052cf3614e601a4e4c49b4c3e","false"
"app/(no-layout)/(back-office)/report/accounting/expenses/detail.tsx","/report/accounting/expenses/detail","Laporan","FRAME_NOT_YET_MAPPED","","","","ab08eb62a616d5129fc9d8ae68500ad09de3a6624d22f11215cc0d36af9aeea0","false"
"app/(no-layout)/(back-office)/report/accounting/expenses/index.tsx","/report/accounting/expenses","Laporan","FRAME_NOT_YET_MAPPED","","","","1079b10f69e143708f8e4e02642bf61d00b646377c2690e3e6d958947fbc98a7","false"
"app/(no-layout)/(back-office)/report/accounting/expenses/modify.tsx","/report/accounting/expenses/modify","Laporan","FRAME_NOT_YET_MAPPED","","","","cbf034894331b654dbce325df34dd8d9f5d1f18cabb589db148c4f212b1ddc8a","false"
"app/(no-layout)/(back-office)/report/accounting/general-journal/detail.tsx","/report/accounting/general-journal/detail","Laporan","FRAME_NOT_YET_MAPPED","","","","3486908d48c53328d625a2ff559356370f8d7bf30a3dc20fef656c39c8148186","false"
"app/(no-layout)/(back-office)/report/accounting/general-journal/index.tsx","/report/accounting/general-journal","Laporan","FRAME_NOT_YET_MAPPED","","","","f768645fe0881834386ab8a41ba5a172735e82f8bc2294542b25ac12b1c4051f","false"
"app/(no-layout)/(back-office)/report/accounting/general-journal/modify.tsx","/report/accounting/general-journal/modify","Laporan","FRAME_NOT_YET_MAPPED","","","","c96496c04ff5f8a1b053c7eb9d6bc2e65d63497c6aac50e2810ef0909a3fa7a2","false"
"app/(no-layout)/(back-office)/report/accounting/general-ledger/detail.tsx","/report/accounting/general-ledger/detail","Laporan","FRAME_NOT_YET_MAPPED","","","","90dbec1ccbd82505225f96f92eb3aeaccc837fa693434da9eb4bd06bb4986ef4","false"
"app/(no-layout)/(back-office)/report/accounting/general-ledger/index.tsx","/report/accounting/general-ledger","Laporan","FRAME_NOT_YET_MAPPED","","","","d0beb7c025a65fe628e6a59fbd55c389308be9ddec6a93aa60252110ab813cb0","false"
"app/(no-layout)/(back-office)/report/accounting/incomes/detail.tsx","/report/accounting/incomes/detail","Laporan","FRAME_NOT_YET_MAPPED","","","","b6a4adef642b893c55591506e4b920cd100bf6bc9956610b8583b0cc71282c4c","false"
"app/(no-layout)/(back-office)/report/accounting/incomes/index.tsx","/report/accounting/incomes","Laporan","FRAME_NOT_YET_MAPPED","","","","9fd103b6c6af39c9f31f87af9d28ba791f936ce2c611fc07037c729a997e6316","false"
"app/(no-layout)/(back-office)/report/accounting/incomes/modify.tsx","/report/accounting/incomes/modify","Laporan","FRAME_NOT_YET_MAPPED","","","","8555826fd5281a47296e2a5bd5af9ee89ceb7c5c4941f27710a523808d5cd11e","false"
"app/(no-layout)/(back-office)/report/accounting/incomes/receipt.tsx","/report/accounting/incomes/receipt","Laporan","FRAME_NOT_YET_MAPPED","","","","e5048c17160c041d4a09ba5d0c4ffb11b2f039bae48b464d8eb5ab17ac02497f","false"
"app/(no-layout)/(back-office)/report/accounting/index.tsx","/report/accounting","Laporan","FRAME_NOT_YET_MAPPED","","","","411120899e0dab633ca0a123bd9637149ac7913851833bf195d7c68d47fb01be","false"
"app/(no-layout)/(back-office)/report/accounting/profit-loss.tsx","/report/accounting/profit-loss","Laporan","FRAME_NOT_YET_MAPPED","","","","1371e4cbe7629d6f24f0df883f0af35d8a2a66b4c20ba2c4c8d445f9645acb95","false"
"app/(no-layout)/(back-office)/report/accounting/trial-balance.tsx","/report/accounting/trial-balance","Laporan","GUIDE_ONLY_NO_FRAME_DOCUMENTED","","","docs/qa/senior-8-2026-10-09/trial-balance/HANDOFF.md","66827db2e71d03c392e41baf33a7b78e6bb23a14067f7fd54d9e263f6187b0c8","false"
"app/(no-layout)/(back-office)/report/cash.tsx","/report/cash","Laporan","FRAME_NOT_YET_MAPPED","","","","7817ea98f4d9e300244fbd58f6209d0f1d1a0b029bf58621f17e6f592d3cb7ea","false"
"app/(no-layout)/(back-office)/report/customers-promos.tsx","/report/customers-promos","Laporan","FRAME_NOT_YET_MAPPED","","","","3951ab41e774e95d9ec1e33dc681269cfa8bb95a6932506dc88aa371d6e024c2","false"
"app/(no-layout)/(back-office)/report/operational-team.tsx","/report/operational-team","Laporan","FRAME_NOT_YET_MAPPED","","","","af7f648bf432fade6efdaa397d7be3b793f3278b2af455528b5be3cb26d0813f","false"
"app/(no-layout)/(back-office)/report/product-stock.tsx","/report/product-stock","Laporan","FRAME_NOT_YET_MAPPED","","","","efdb586a8b222a3a792255f6cfd02252f76944aae3f809dd889be06431dc7384","false"
"app/(no-layout)/(back-office)/report/purchase-supplier.tsx","/report/purchase-supplier","Laporan","FRAME_NOT_YET_MAPPED","","","","fb45b75e437163018e93c35b7ddfac032d3dd014150ab50e772d34a487c87f81","false"
"app/(no-layout)/(back-office)/report/sales.tsx","/report/sales","Laporan","FRAME_NOT_YET_MAPPED","","","","11029b6700859563856257cc9eaac0f85c095fc4a21afa6e466a89420e2b3c61","false"
"app/(no-layout)/(back-office)/report/summary.tsx","/report/summary","Laporan","FRAME_NOT_YET_MAPPED","","","","8a1f4b7ae1ae90368f64ee705df113319182ff0b7fd9a46d523cdb0dafacb0b0","false"
"app/(no-layout)/(back-office)/report/transaction.tsx","/report/transaction","Laporan","FRAME_NOT_YET_MAPPED","","","","26ad5a710b6063be45856500c911b4cc0a017877f4d53e446115233142cf50ac","false"
"app/(no-layout)/(cashier)/cart/confirm.tsx","/cart/confirm","Kasir","FRAME_NOT_YET_MAPPED","","","","70fa27c5aeb5c624a1571bdb26a94d8c4c499ad8b02286c551c3ff431341a51d","false"
"app/(no-layout)/(cashier)/cart/index.tsx","/cart","Kasir","FRAME_NOT_YET_MAPPED","","","","f01d97adff7f856650835195aa566383393f508e1cedeb0ff5a6b8f3dd870d02","false"
"app/(no-layout)/(cashier)/cart/input-money-confirm.tsx","/cart/input-money-confirm","Kasir","FRAME_NOT_YET_MAPPED","","","","aa0acb3fe8d759b066dab56186e8d9d45ffc6f6fbfcc26e8d2770bb413c5875a","false"
"app/(no-layout)/(cashier)/cart/input-money.tsx","/cart/input-money","Kasir","FRAME_NOT_YET_MAPPED","","","","a0df622778cd2070a74af5430d883cf323d4a7cc5536c423f590c56319b257af","false"
"app/(no-layout)/(cashier)/cart/offer.tsx","/cart/offer","Kasir","FRAME_NOT_YET_MAPPED","","","","3ece6e69b276d5043a50e8fa87e2bfef9779d0795bc0cf80789b12f17c8958f4","false"
"app/(no-layout)/(cashier)/catalog/detail.tsx","/catalog/detail","Katalog","FRAME_NOT_YET_MAPPED","","","","9c1106e94a66c71a5260944cf1c0205e0f08a84c859745afe7173e8374759d26","false"
"app/(no-layout)/(cashier)/catalog/index.tsx","/catalog","Katalog","FRAME_NOT_YET_MAPPED","","","","cb0cfea56da13fe302ad3422b4d1f4e6e5a4aaa49ed1b2d50434ce93fdb4d82e","false"
"app/(no-layout)/(cashier)/catalog/search.tsx","/catalog/search","Katalog","FRAME_NOT_YET_MAPPED","","","","6a0680c08acee8a688230c3f64d59004cffb814e0e4a333dc47259c0d84e0307","false"
"app/(no-layout)/(cashier)/location/detail.tsx","/location/detail","Kasir","FRAME_NOT_YET_MAPPED","","","","4d7f256968646ed8d62fdae444d94f9f7d809f65397c43ef00375a40f0156a44","false"
"app/(no-layout)/(cashier)/report/expense-input.tsx","/report/expense-input","Laporan","FRAME_NOT_YET_MAPPED","","","","a1232ab1330f4d25b9f9bcbed4e284e9fad8bfcc8a6f9e692b2229ca7bb6b194","false"
"app/(no-layout)/(cashier)/shift-report.tsx","/shift-report","Kasir","FRAME_NOT_YET_MAPPED","","","","ca0ca8d52aac329487df9f06a60c6c9e0f8a6658b3808f8d8eac164d303fbf13","false"
"app/(no-layout)/(cashier)/transaction.tsx","/transaction","Kasir","FRAME_NOT_YET_MAPPED","","","","35758d0663e176906e7cb16eaaa00bc1e1ceb01aa110ea708c58849324f4d050","false"
"app/(no-layout)/catalog/brand/detail.tsx","/catalog/brand/detail","Katalog","FRAME_NOT_YET_MAPPED","","","","04f4e0b6e879dea5347ceaa09900493a5287b113f7bc1ea54c92614f96c9d4ac","false"
"app/(no-layout)/catalog/brand/index.tsx","/catalog/brand","Katalog","FRAME_NOT_YET_MAPPED","","","","ad368cdb5ac5000bca5adde64b727a0d6b2eed32a64b0c25d43dc01f41970cf5","false"
"app/(no-layout)/catalog/brand/modify.tsx","/catalog/brand/modify","Katalog","FRAME_NOT_YET_MAPPED","","","","63c1ee77ca12adde77c33976b6bab116e54b2ead332a34a568aeed536e9a0aaa","false"
"app/(no-layout)/catalog/bundling/detail.tsx","/catalog/bundling/detail","Katalog","FRAME_NOT_YET_MAPPED","","","","8a096294ea510c9554f54e1d0d702ed8deebb21a5787871d8f0a0ef0903f74ba","false"
"app/(no-layout)/catalog/bundling/index.tsx","/catalog/bundling","Katalog","FRAME_NOT_YET_MAPPED","","","","de6e367914f5addf77f5496ed0845e5eb9d00ccbe112749bcc96a0d3392262a6","false"
"app/(no-layout)/catalog/bundling/modify.tsx","/catalog/bundling/modify","Katalog","FRAME_NOT_YET_MAPPED","","","","cec74c0623fac3626c50ff3b4c9366d19fabc6bbac891ba4f6e9712b05156827","false"
"app/(no-layout)/catalog/category/detail.tsx","/catalog/category/detail","Katalog","FRAME_NOT_YET_MAPPED","","","","9e1b8d3a2468c1b8ea2c93b1d9115b8f3315389659287886a99d12e2ee1e933b","false"
"app/(no-layout)/catalog/category/index.tsx","/catalog/category","Katalog","FRAME_NOT_YET_MAPPED","","","","d195723822065b11b30203d551f05db1c245917d7c587a8611773ec5c2f72261","false"
"app/(no-layout)/catalog/category/modify.tsx","/catalog/category/modify","Katalog","FRAME_NOT_YET_MAPPED","","","","59ecfebaad3c16a3bc211813dfbcfbe74e12efc9cc817b13781879260f10751e","false"
"app/(no-layout)/catalog/discount/detail.tsx","/catalog/discount/detail","Katalog","FRAME_NOT_YET_MAPPED","","","","19a047cc250da8799298611300e6d194ae8f2ec9c9ae978e8301ad3c56d84ab6","false"
"app/(no-layout)/catalog/discount/index.tsx","/catalog/discount","Katalog","FRAME_NOT_YET_MAPPED","","","","23b54c89920850bc882100381edeb1f3847db64e76e4625aae13a541bc1bb2c5","false"
"app/(no-layout)/catalog/discount/modify.tsx","/catalog/discount/modify","Katalog","FRAME_NOT_YET_MAPPED","","","","3cbd93aab9d5ecfea5c57fba1bf91827f3fc39e177e87ed44266c6013459b99c","false"
"app/(no-layout)/catalog/extra-cost/detail.tsx","/catalog/extra-cost/detail","Katalog","FRAME_NOT_YET_MAPPED","","","","c995aeb62eaf07ab0735304ea66e62cb2a6aa49fbfbfc4dca0d20727f8ec3870","false"
"app/(no-layout)/catalog/extra-cost/index.tsx","/catalog/extra-cost","Katalog","FRAME_NOT_YET_MAPPED","","","","cb7516eee4ac1e8ed54350520bf713ceabb1ed601452f23ebb8a043abbd64151","false"
"app/(no-layout)/catalog/extra-cost/modify.tsx","/catalog/extra-cost/modify","Katalog","FRAME_NOT_YET_MAPPED","","","","a1df080e0178b406e6ceb3d8d677c282d71378ba66b4ac4667c69939969762a0","false"
"app/(no-layout)/catalog/extra-menu/detail.tsx","/catalog/extra-menu/detail","Katalog","FRAME_NOT_YET_MAPPED","","","","f4ff2163a44fed38368d307d212474132a01253279cd9f49f45c79f90471782c","false"
"app/(no-layout)/catalog/extra-menu/index.tsx","/catalog/extra-menu","Katalog","FRAME_NOT_YET_MAPPED","","","","d47bf4daf0938852c056d0b23612b44cf1173bb4caf78bf2b720860ddcd00dc4","false"
"app/(no-layout)/catalog/extra-menu/modify.tsx","/catalog/extra-menu/modify","Katalog","FRAME_NOT_YET_MAPPED","","","","e2aec36c3570f68d12dcce4f864bfc276de4252bfb5a537d5889c537603c73d4","false"
"app/(no-layout)/catalog/menu/detail.tsx","/catalog/menu/detail","Katalog","FRAME_NOT_YET_MAPPED","","","","f2c375da6dc98139fa111814a9bee11a5144a67cfe1e0b8bc7e19e3ca6ecdc77","false"
"app/(no-layout)/catalog/menu/index.tsx","/catalog/menu","Katalog","FRAME_NOT_YET_MAPPED","","","","f626df2b3a35d41ce1f03de773d3de21a7374f79b07b5bd4fa552c55a8ffdd09","false"
"app/(no-layout)/catalog/menu/modify.tsx","/catalog/menu/modify","Katalog","FRAME_NOT_YET_MAPPED","","","","7499328b07cb5c6a97ed3a93159b769610929815fcb1c714f788bdd1f7ac6dff","false"
"app/(no-layout)/catalog/order-type/detail.tsx","/catalog/order-type/detail","Katalog","FRAME_NOT_YET_MAPPED","","","","76d1496432e16b1090538e3fb212201233eabfe789b771a0462759522fb5f90e","false"
"app/(no-layout)/catalog/order-type/index.tsx","/catalog/order-type","Katalog","FRAME_NOT_YET_MAPPED","","","","a87dc6dd1034415753d75837a1d781f0d91162ec3518f9c9c15a27163b192b94","false"
"app/(no-layout)/catalog/order-type/modify.tsx","/catalog/order-type/modify","Katalog","FRAME_NOT_YET_MAPPED","","","","98c035e045f35f0ce848badd3222b2dfdd74b844bb3dad18f46b87877cb31791","false"
"app/(no-layout)/catalog/payment-method/detail.tsx","/catalog/payment-method/detail","Katalog","FRAME_NOT_YET_MAPPED","","","","956e2b0ff18c3ef72c83312d384ae55ec81fa3bfec30fcb4168aa2ef3e46ed4d","false"
"app/(no-layout)/catalog/payment-method/index.tsx","/catalog/payment-method","Katalog","FRAME_NOT_YET_MAPPED","","","","54b485ec1a85d02ad8bb280da8de1aac0ebfbc7a4c29d20c7f0dc5e1774d3fc4","false"
"app/(no-layout)/catalog/payment-method/modify.tsx","/catalog/payment-method/modify","Katalog","FRAME_NOT_YET_MAPPED","","","","25b5064b50b19598f24bc2d742ab0282aa191d5800ba43f93fb56531b3597cf4","false"
"app/(no-layout)/catalog/promo/detail.tsx","/catalog/promo/detail","Katalog","FRAME_NOT_YET_MAPPED","","","","29c7bfc207ab4ee4a2f49d55cf592a275aea641bc6e0075520caad5998797b19","false"
"app/(no-layout)/catalog/promo/index.tsx","/catalog/promo","Katalog","FRAME_NOT_YET_MAPPED","","","","d58dd796d88ea5a748f45a8375556373f633e3f8148a5eb7feb45c117445e82f","false"
"app/(no-layout)/catalog/promo/modify.tsx","/catalog/promo/modify","Katalog","FRAME_NOT_YET_MAPPED","","","","03a93f2f6efd14a44ff06a4f0cf297fe2394817ee57ad8e85bdb729da69526ae","false"
"app/(no-layout)/catalog/tax/detail.tsx","/catalog/tax/detail","Katalog","FRAME_NOT_YET_MAPPED","","","","b28ca83157a953ccef981abc38f8434427d97383dfa6a8caa35cf8016a38bbd5","false"
"app/(no-layout)/catalog/tax/index.tsx","/catalog/tax","Katalog","FRAME_NOT_YET_MAPPED","","","","9981d7e5b70fc529d6bf99ebde92acba7183ae15cd0d07a1052d2f6cc891c8e2","false"
"app/(no-layout)/catalog/tax/modify.tsx","/catalog/tax/modify","Katalog","FRAME_NOT_YET_MAPPED","","","","cc9833612faff5e4d7caf4c1cdca5a6859f763387ef606d8fe60748dafe17993","false"
"app/(no-layout)/catalog/unit/detail.tsx","/catalog/unit/detail","Katalog","FRAME_NOT_YET_MAPPED","","","","22328d139d88e175e18088d8846e78c31cba47892213f15cf12a1a4d0eec13a6","false"
"app/(no-layout)/catalog/unit/index.tsx","/catalog/unit","Katalog","FRAME_NOT_YET_MAPPED","","","","ec8faa6f44b0e2b8f73d17902f5763f2e30025c22ab77102dc6f3634a1e5bae7","false"
"app/(no-layout)/catalog/unit/modify.tsx","/catalog/unit/modify","Katalog","FRAME_NOT_YET_MAPPED","","","","a56f7b664a75c72d50a5d443bab56d08319e9f3dd79878f843b6ce75fb889dc4","false"
"app/(no-layout)/catalog/voucher/detail.tsx","/catalog/voucher/detail","Katalog","FRAME_NOT_YET_MAPPED","","","","c0ace62247ab8d551ec21ed202c7d68b0e47fc0b3b1003175d43d75cfc8dea8a","false"
"app/(no-layout)/catalog/voucher/index.tsx","/catalog/voucher","Katalog","FRAME_NOT_YET_MAPPED","","","","80c63db6ee67bda55a6cb8e9a9974a1f90f725ab60f2614128f8c4c88b377c69","false"
"app/(no-layout)/catalog/voucher/modify.tsx","/catalog/voucher/modify","Katalog","FRAME_NOT_YET_MAPPED","","","","2e8fa3484a74e8fafff4cf4f166adf35d4389332ac81274586a11207ff4976ce","false"
"app/(no-layout)/home/input-kas.tsx","/home/input-kas","Lainnya","FRAME_NOT_YET_MAPPED","","","","f437f012126bee6839384997ab9503b24795c89074cc048ab8d8d375fc8f876d","false"
"app/(no-layout)/inventory/bill-payments/detail.tsx","/inventory/bill-payments/detail","Inventory","DOCUMENTED_FRAME_PENDING_FULL_REFERENCE","1:26045","","docs/FIGMA_PROGRESS.md","9e26c5570a2ae2afd90203e0c75ac6c43b2f89cf4e3976f5549db45b68ae9ada","false"
"app/(no-layout)/inventory/bill-payments/index.tsx","/inventory/bill-payments","Inventory","DOCUMENTED_FRAME_PENDING_FULL_REFERENCE","1:15208","","docs/FIGMA_PROGRESS.md","9fc8a0f53cd9b652b6fb6ac37466dd937e7eaa7e37bb8ce8d122666769d3a66d","false"
"app/(no-layout)/inventory/bill-payments/modify.tsx","/inventory/bill-payments/modify","Inventory","DOCUMENTED_FRAME_PENDING_FULL_REFERENCE","1:14178","","docs/FIGMA_PROGRESS.md","ac52e7b548175d318e417e019d994181078ca677f43620700c9ba474fed02087","false"
"app/(no-layout)/inventory/compositions/detail.tsx","/inventory/compositions/detail","Inventory","DOCUMENTED_FRAME_PENDING_FULL_REFERENCE","1:31480","","docs/FIGMA_PROGRESS.md","86020d6774caff3a9091b436c6ef8e00ae29911176d955315cd9c5013a9cc3c2","false"
"app/(no-layout)/inventory/compositions/index.tsx","/inventory/compositions","Inventory","DOCUMENTED_FRAME_PENDING_FULL_REFERENCE","1:31287","","docs/FIGMA_PROGRESS.md","0bf9947251cf388dd46dd62a53d4d84d665c56d8160c11c5b280b98f71366a68","false"
"app/(no-layout)/inventory/compositions/modify.tsx","/inventory/compositions/modify","Inventory","DOCUMENTED_FRAME_PENDING_FULL_REFERENCE","1:31448","","docs/FIGMA_PROGRESS.md","cb82b53545e27104b2aadf109e97cfb0eb12d137baa5ee34a3cf46dfdf3592d4","false"
"app/(no-layout)/inventory/materials/detail.tsx","/inventory/materials/detail","Inventory","DOCUMENTED_FRAME_PENDING_FULL_REFERENCE","1:31002","","docs/FIGMA_PROGRESS.md","e5be6a69d87f9b5131f0c507ca2a7cd87f509b34032588ca5ece8346cd58f2e7","false"
"app/(no-layout)/inventory/materials/index.tsx","/inventory/materials","Inventory","FRAME_NOT_YET_MAPPED","","","","3cf9ca4b5b52a709cae7ac6069976ac3cada494544fae7c09bb1caa52547011a","false"
"app/(no-layout)/inventory/materials/modify.tsx","/inventory/materials/modify","Inventory","DOCUMENTED_FRAME_PENDING_FULL_REFERENCE","1:29776","","docs/FIGMA_PROGRESS.md","9de31965479b64ff10e6384d521177ae0c5d70cdcbc2241f6be391eec1e3a7a1","false"
"app/(no-layout)/inventory/purchase-order/detail.tsx","/inventory/purchase-order/detail","Inventory","DOCUMENTED_FRAME_PENDING_FULL_REFERENCE","1:14866","","docs/FIGMA_PROGRESS.md","9772765ed0347cd92314c34393cf0892ff545f394ac5efdd78f9494814d92980","false"
"app/(no-layout)/inventory/purchase-order/index.tsx","/inventory/purchase-order","Inventory","REFERENCE_IMAGE_AVAILABLE_PENDING_CURRENT_COMPARISON","1:14945","","docs/FIGMA_PROGRESS.md","6fab3c92c8788bffd37d76edb881a88975ba57d96348475570339a23488548e1","false"
"app/(no-layout)/inventory/purchase-order/modify.tsx","/inventory/purchase-order/modify","Inventory","REFERENCE_IMAGE_AVAILABLE_PENDING_CURRENT_COMPARISON","1:14543","","docs/FIGMA_PROGRESS.md","9030bd5373fdc59eb180858964ec747dcf1bc19f7273c9653caab22bef3756d5","false"
"app/(no-layout)/inventory/stock-adjustment/detail.tsx","/inventory/stock-adjustment/detail","Inventory","REFERENCE_IMAGE_AVAILABLE_PENDING_CURRENT_COMPARISON","1:13605","","docs/FIGMA_PROGRESS.md","13bf7014e384471755f05d21542f3703bb692f9ae32396cdc278a7c2f514e96c","false"
"app/(no-layout)/inventory/stock-adjustment/index.tsx","/inventory/stock-adjustment","Inventory","REFERENCE_IMAGE_AVAILABLE_PENDING_CURRENT_COMPARISON","1:13404","","docs/FIGMA_PROGRESS.md","1ad95f826fa9067e733b01d1363e6588c17c3deac0701f3efadddabe3c169acf","false"
"app/(no-layout)/inventory/stock-adjustment/modify.tsx","/inventory/stock-adjustment/modify","Inventory","REFERENCE_IMAGE_AVAILABLE_PENDING_CURRENT_COMPARISON","1:13851","","docs/FIGMA_PROGRESS.md","739687cf0cc639c714c9b68b4224011c43955b1816f7d3b1483a8b766d2e8530","false"
"app/(no-layout)/inventory/stock-movement/detail.tsx","/inventory/stock-movement/detail","Inventory","DOCUMENTED_FRAME_PENDING_FULL_REFERENCE","1:30733;1:30871","","docs/FIGMA_PROGRESS.md","14c11320e092f0093e371c6555ccea23cd4c803a161dcc58d1463bc4e29bff69","false"
"app/(no-layout)/inventory/stock-movement/index.tsx","/inventory/stock-movement","Inventory","DOCUMENTED_FRAME_PENDING_FULL_REFERENCE","1:30149;1:30441","","docs/FIGMA_PROGRESS.md","e0657c1f2a38cf500e870bfa1640bd63a90a765b0533b9c570ffa4d03afe1b8e","false"
"app/(no-layout)/inventory/stock-transfer/detail.tsx","/inventory/stock-transfer/detail","Inventory","REFERENCE_IMAGE_AVAILABLE_PENDING_CURRENT_COMPARISON","1:12312","","docs/FIGMA_PROGRESS.md","1acba15745ee397cf90f371f40f9e497dd5e5ecd1b8ab97f6d254a6c4f63efbf","false"
"app/(no-layout)/inventory/stock-transfer/index.tsx","/inventory/stock-transfer","Inventory","REFERENCE_IMAGE_AVAILABLE_PENDING_CURRENT_COMPARISON","1:12059","","docs/FIGMA_PROGRESS.md","ab1886b50ad39a45df36b0b2a0d9368ea6fd1dfca722b56ce4b63f10246706d4","false"
"app/(no-layout)/inventory/stock-transfer/modify.tsx","/inventory/stock-transfer/modify","Inventory","REFERENCE_IMAGE_AVAILABLE_PENDING_CURRENT_COMPARISON","1:11949","","docs/FIGMA_PROGRESS.md","fa26eec593d7170dc18b248a059523f5984f558ca4115655c456f5f942d8033b","false"
"app/(no-layout)/inventory/suppliers/detail.tsx","/inventory/suppliers/detail","Inventory","DOCUMENTED_FRAME_PENDING_FULL_REFERENCE","1:15570","","docs/FIGMA_PROGRESS.md","b5b82ff4ce58604606773908c918caa1665112a8fb686268b13051910a7549e1","false"
"app/(no-layout)/inventory/suppliers/index.tsx","/inventory/suppliers","Inventory","DOCUMENTED_FRAME_PENDING_FULL_REFERENCE","1:15653","","docs/FIGMA_PROGRESS.md","1a4ac62ec82c2efd403f3207f51097f21f86e3c525b3ec82ca25feda5112884a","false"
"app/(no-layout)/inventory/suppliers/modify.tsx","/inventory/suppliers/modify","Inventory","DOCUMENTED_FRAME_PENDING_FULL_REFERENCE","1:15530","","docs/FIGMA_PROGRESS.md","e0885b7e673abea9546b7813f7bc4135fb68c849bcbdc24f07511a2c940e7cc4","false"
"app/(no-layout)/maintenance.tsx","/maintenance","Lainnya","FRAME_NOT_YET_MAPPED","","","","a11fa9ce1e145fe63ac807fa715a016b41f04422cd0e7de7d75c64c3b5afab1b","false"
"app/(no-layout)/manage/absence/detail.tsx","/manage/absence/detail","Kelola","FRAME_NOT_YET_MAPPED","","","","aab7522c1c31cae265bff65fe33f055c3b89ec6dd5e8f55534a98e6330be6870","false"
"app/(no-layout)/manage/absence/index.tsx","/manage/absence","Kelola","FRAME_NOT_YET_MAPPED","","","","57958024a60ed48153dfcbb7cad019f5b21e5db93bacec3159417bc7ef39da7e","false"
"app/(no-layout)/manage/backup/index.tsx","/manage/backup","Kelola","FRAME_NOT_YET_MAPPED","","","","7473b4fe50f41c4fc6627d683a53b71cbead19b2e70d9ad96d4bde5cc565fe5b","false"
"app/(no-layout)/manage/backup/modify.tsx","/manage/backup/modify","Kelola","FRAME_NOT_YET_MAPPED","","","","156b7fb8242a94dad0e45496f8d401b166476d55b941efdb71f24d5a3a576cd0","false"
"app/(no-layout)/manage/expenses/detail.tsx","/manage/expenses/detail","Kelola","DOCUMENTED_FRAME_PENDING_FULL_REFERENCE","1:40612","","docs/previews/expenses/README.md","95a3cea75d1c42fe7e50670797cfe2504abb50fbe794e8b836be5927595317fc","false"
"app/(no-layout)/manage/expenses/index.tsx","/manage/expenses","Kelola","DOCUMENTED_FRAME_PENDING_FULL_REFERENCE","1:40511","","docs/previews/expenses/README.md","7719e3615aa15f6136391361f3a50dd2e9dbab160e5a20e6dbe5518d3f409ba7","false"
"app/(no-layout)/manage/expenses/modify.tsx","/manage/expenses/modify","Kelola","DOCUMENTED_FRAME_PENDING_FULL_REFERENCE","1:40481","","docs/previews/expenses/README.md","fd32090d081b499ba04d53611aa871f0987e0ea55910a436fc3292279a9b8e9a","false"
"app/(no-layout)/manage/export/index.tsx","/manage/export","Kelola","FRAME_NOT_YET_MAPPED","","","","3c8a0a74a499ab801ae0680a66464b9a6b4b7dd0cb5629ad71827817d75b386a","false"
"app/(no-layout)/manage/export/modify.tsx","/manage/export/modify","Kelola","FRAME_NOT_YET_MAPPED","","","","3c8a0a74a499ab801ae0680a66464b9a6b4b7dd0cb5629ad71827817d75b386a","false"
"app/(no-layout)/manage/extra/index.tsx","/manage/extra","Kelola","FRAME_NOT_YET_MAPPED","","","","50cbd8755e39920ab8e253267def9fcb3201a533a1ae3595bfccc3b04d8a8203","false"
"app/(no-layout)/manage/extra/modify.tsx","/manage/extra/modify","Kelola","FRAME_NOT_YET_MAPPED","","","","dc9b1dcf29ad8f3b6e113cd355759a9abea39a0128cf50126a688807b1f79442","false"
"app/(no-layout)/manage/faq/index.tsx","/manage/faq","Kelola","REFERENCE_IMAGE_AVAILABLE_PENDING_CURRENT_COMPARISON","1:19624","","docs/SUPPORT_UI_PROGRESS.md","1c0789f6a370f7d4553437740771e64a1acc294bd5fc710ae9e69a07b04a5f07","false"
"app/(no-layout)/manage/feature-request/index.tsx","/manage/feature-request","Kelola","REFERENCE_IMAGE_AVAILABLE_PENDING_CURRENT_COMPARISON","1:19565","","docs/SUPPORT_UI_PROGRESS.md","e1e3ded6728b9951384a064b1a8126907ef0b3b5b246d119dd6c8a6ac3f1107f","false"
"app/(no-layout)/manage/feedback/index.tsx","/manage/feedback","Kelola","REFERENCE_IMAGE_AVAILABLE_PENDING_CURRENT_COMPARISON","1:19672","","docs/SUPPORT_UI_PROGRESS.md","9097311fe32766de59954a0d4d6dae916e4e360833ee672cdbe317dff5b4ef0a","false"
"app/(no-layout)/manage/income/detail.tsx","/manage/income/detail","Kelola","DOCUMENTED_FRAME_PENDING_FULL_REFERENCE","1:40775","","docs/previews/income/README.md","a5be980c7cb61175a3d3311a7b9b4f45d752d7c7578260b6e8d94a1ad3abb201","false"
"app/(no-layout)/manage/income/index.tsx","/manage/income","Kelola","DOCUMENTED_FRAME_PENDING_FULL_REFERENCE","1:40690","","docs/previews/income/README.md","adebe594f09848e8c23cc6458fda9031a3a8f7e1abc8fa49285d5d9856d6d9a0","false"
"app/(no-layout)/manage/income/modify.tsx","/manage/income/modify","Kelola","DOCUMENTED_FRAME_PENDING_FULL_REFERENCE","1:40660","","docs/previews/income/README.md","dab1cd74a6a464a0baf0b9151a8f6c1b94a5acb0584b3ab5d89504be3abe0f24","false"
"app/(no-layout)/manage/integrations/detail.tsx","/manage/integrations/detail","Kelola","GUIDE_ONLY_NO_FRAME_DOCUMENTED","","","docs/EXTERNAL_INTEGRATIONS_UI_PROGRESS.md","c7ed4330d905adfa3f8b2a9510a62b0463a5d5bc91b94f203c1886eac2cdec6b","false"
"app/(no-layout)/manage/integrations/index.tsx","/manage/integrations","Kelola","GUIDE_ONLY_NO_FRAME_DOCUMENTED","","","docs/EXTERNAL_INTEGRATIONS_UI_PROGRESS.md","b66ee1b807851e7d47ea454685571fbfd18941b8e684e60e772fae492dd6ee37","false"
"app/(no-layout)/manage/integrations/modify.tsx","/manage/integrations/modify","Kelola","GUIDE_ONLY_NO_FRAME_DOCUMENTED","","","docs/EXTERNAL_INTEGRATIONS_UI_PROGRESS.md","dab42c63b5a0a9816a85cd5f506eff8c3f330a66b7f6d5a3f9725f4389768fdc","false"
"app/(no-layout)/manage/member/detail.tsx","/manage/member/detail","Kelola","DOCUMENTED_FRAME_PENDING_FULL_REFERENCE","1:28412","","docs/MEMBER_UI_PROGRESS.md","89fdd909c9eae69c8900491bf72d7540191e2313f354dc7133224ed35466d879","false"
"app/(no-layout)/manage/member/index.tsx","/manage/member","Kelola","DOCUMENTED_FRAME_PENDING_FULL_REFERENCE","1:17554","","docs/MEMBER_UI_PROGRESS.md","f79aedbbed0258a09b8073ed652b8563c31c19c1a4cbd169fa901256df0b1cfa","false"
"app/(no-layout)/manage/member/modify.tsx","/manage/member/modify","Kelola","DOCUMENTED_FRAME_PENDING_FULL_REFERENCE","1:28370","","docs/MEMBER_UI_PROGRESS.md","aa87815a639497ed49f4c2761ab61f59106faec0efb7f08a8bb3177944fa8e7d","false"
"app/(no-layout)/manage/order-type/index.tsx","/manage/order-type","Kelola","FRAME_NOT_YET_MAPPED","","","","25c26ea22e8ae3ee905f226eff4c7c135ba8ef7e454318b3a0ac92ced621f38c","false"
"app/(no-layout)/manage/order-type/modify.tsx","/manage/order-type/modify","Kelola","FRAME_NOT_YET_MAPPED","","","","211ff261cd4327e9cc61db512f67a00ce735046c237d63b08a9699b74d974130","false"
"app/(no-layout)/manage/payment-method/detail.tsx","/manage/payment-method/detail","Kelola","FRAME_NOT_YET_MAPPED","","","","13a3aa5f3489d949b95699b486d026bf093573d806c88a3c4c1f3465cc7dcad3","false"
"app/(no-layout)/manage/payment-method/index.tsx","/manage/payment-method","Kelola","FRAME_NOT_YET_MAPPED","","","","7859c6527caa55e1214d53416e019a545c2afb21ec71a6ad5e86783066c8acb9","false"
"app/(no-layout)/manage/payment-method/modify.tsx","/manage/payment-method/modify","Kelola","FRAME_NOT_YET_MAPPED","","","","ae862ff9f0bd6373ad4cc44984c38b069c47e1f6bfc859622c3b55b18fef7bab","false"
"app/(no-layout)/manage/payroll/detail.tsx","/manage/payroll/detail","Kelola","DOCUMENTED_FRAME_PENDING_FULL_REFERENCE","1:19927","","docs/previews/payroll/README.md","c3c13683b1fae883da0148747472c0db47b01f3d8b7d14cfed54134e51027d30","false"
"app/(no-layout)/manage/payroll/history.tsx","/manage/payroll/history","Kelola","DOCUMENTED_FRAME_PENDING_FULL_REFERENCE","1:20151;1:20382","","docs/previews/payroll/README.md","5f5b33c05f81e6c37e16871a19b66690422da45563023c9d07b469887c2d6bce","false"
"app/(no-layout)/manage/payroll/index.tsx","/manage/payroll","Kelola","DOCUMENTED_FRAME_PENDING_FULL_REFERENCE","1:19722","","docs/previews/payroll/README.md","c8dbcbfa8f1e04a74ab005a7a764c92dc2f3a664f008c21e167073e1ec673640","false"
"app/(no-layout)/manage/payroll/modify.tsx","/manage/payroll/modify","Kelola","DOCUMENTED_FRAME_PENDING_FULL_REFERENCE","1:19816;1:19874;1:20417;1:20466","","docs/previews/payroll/README.md","212bf7e1c39f2bcc065ec36e0a9b07b45ff56a2aa6471309b167a0260b52ce11","false"
"app/(no-layout)/manage/payroll/payment.tsx","/manage/payroll/payment","Kelola","DOCUMENTED_FRAME_PENDING_FULL_REFERENCE","1:19998;1:20071","","docs/previews/payroll/README.md","5429551dc4ec5a7d80180d9307e1945d7d9a28c5298599768b6fd6ce048c8d4c","false"
"app/(no-layout)/manage/payroll/slip.tsx","/manage/payroll/slip","Kelola","DOCUMENTED_FRAME_PENDING_FULL_REFERENCE","1:20229;1:20297","","docs/previews/payroll/README.md","8bd4a7dd0ce031f18bebc73d25db41767facd32231a88f919beda7468d9c0f76","false"
"app/(no-layout)/manage/pin.tsx","/manage/pin","Kelola","FRAME_NOT_YET_MAPPED","","","","125f120968796b6fe3529e3a93de4e9515648c6b9cc3792e502847b0fe18b2cd","false"
"app/(no-layout)/manage/place/area.tsx","/manage/place/area","Kelola","DOCUMENTED_FRAME_PENDING_FULL_REFERENCE","1:18846;1:28915","","docs/previews/place/README.md","c4ceac91fef9ef47a714e3d3fa0c8b477232923200d3c4329d4afdb4dacb9f52","false"
"app/(no-layout)/manage/place/areas.tsx","/manage/place/areas","Kelola","DOCUMENTED_FRAME_PENDING_FULL_REFERENCE","1:29235","","docs/previews/place/README.md","19748e8c450e577d7b35460318a43656fc23aaf7ecfeff41ab7e27f5a56131e0","false"
"app/(no-layout)/manage/place/index.tsx","/manage/place","Kelola","DOCUMENTED_FRAME_PENDING_FULL_REFERENCE","1:18470","","docs/previews/place/README.md","e347d3469a86adbcc47b21544894755b4db8f09ec29e4e06b2ec10e08d58e521","false"
"app/(no-layout)/manage/place/modify.tsx","/manage/place/modify","Kelola","DOCUMENTED_FRAME_PENDING_FULL_REFERENCE","1:28867","","docs/previews/place/README.md","eb8df22019dd00e9d3e613f0903577cd08e59d829df9c5778cdc5a4a44cb73a6","false"
"app/(no-layout)/manage/place/store.tsx","/manage/place/store","Kelola","DOCUMENTED_FRAME_PENDING_FULL_REFERENCE","1:18574","","docs/previews/place/README.md","bf44372e5ff29bc35f4e54b117a34ac2d676a1d446e6bdce68ef05a0cdc36031","false"
"app/(no-layout)/manage/pos-settings/digital-orders/detail.tsx","/manage/pos-settings/digital-orders/detail","Kelola","GUIDE_ONLY_NO_FRAME_DOCUMENTED","","","docs/DIGITAL_ORDERS_UI_PROGRESS.md","b0defc79556765cd2769c16064cffc8da2b26a3aadf4507f3e95b92c924e2ef8","false"
"app/(no-layout)/manage/pos-settings/digital-orders/index.tsx","/manage/pos-settings/digital-orders","Kelola","GUIDE_ONLY_NO_FRAME_DOCUMENTED","","","docs/DIGITAL_ORDERS_UI_PROGRESS.md","598004ee1b5ac2c2fdf4f1e2a0ca270629c6b50792ca0dde73c64e31d4d98f53","false"
"app/(no-layout)/manage/pos-settings/digital-orders/modify.tsx","/manage/pos-settings/digital-orders/modify","Kelola","GUIDE_ONLY_NO_FRAME_DOCUMENTED","","","docs/DIGITAL_ORDERS_UI_PROGRESS.md","1f77d5850dce1f6911d754822129b7b6ef2cd123ab86f9a547b7b58bd7c83ad9","false"
"app/(no-layout)/manage/pos-settings/index.tsx","/manage/pos-settings","Kelola","FRAME_NOT_YET_MAPPED","","","","460fff3d582c7d7e6a10cef24419704ded62c1cf69652f8d769617528cc358f5","false"
"app/(no-layout)/manage/pos-settings/notification-detail.tsx","/manage/pos-settings/notification-detail","Kelola","FRAME_NOT_YET_MAPPED","","","","c7ad9985db0dcfbc2b824338a49aa467643f7494b77cb53594b46841cfee0358","false"
"app/(no-layout)/manage/pos-settings/notification-modify.tsx","/manage/pos-settings/notification-modify","Kelola","FRAME_NOT_YET_MAPPED","","","","2794b693c556809df630b14474239373e5ce005d75c5553de8d1367a0c816ad4","false"
"app/(no-layout)/manage/pos-settings/notifications.tsx","/manage/pos-settings/notifications","Kelola","FRAME_NOT_YET_MAPPED","","","","01244dd88e0807b8c62856725542e21f397f77d1858ef22dd77e9b7d3498f583","false"
"app/(no-layout)/manage/pos-settings/rounding-detail.tsx","/manage/pos-settings/rounding-detail","Kelola","FRAME_NOT_YET_MAPPED","","","","a07b4ec00db257dcbff54dc36fe63297f09c217dfb91f9ac899d4e2be332e803","false"
"app/(no-layout)/manage/pos-settings/rounding.tsx","/manage/pos-settings/rounding","Kelola","FRAME_NOT_YET_MAPPED","","","","79893f4bd22b9d85cd42287d12dfadc9f9dac7df3c978312b69071dd8e191ba8","false"
"app/(no-layout)/manage/pos-settings/stock-limit-detail.tsx","/manage/pos-settings/stock-limit-detail","Kelola","FRAME_NOT_YET_MAPPED","","","","16f0bf1a2ecc27e87750de173508e05bc1ed9983c8eed9c9a1ae7432676dd456","false"
"app/(no-layout)/manage/pos-settings/stock-limit.tsx","/manage/pos-settings/stock-limit","Kelola","FRAME_NOT_YET_MAPPED","","","","0b61bef95fe023f1aa685560151c716c4c58faed9164509cd70546262878cc9d","false"
"app/(no-layout)/manage/printer/index.tsx","/manage/printer","Kelola","FRAME_NOT_YET_MAPPED","","","","3ffa0e8450b92c522de7d27062462833ab2338714c3aa2592324b57d76f0ae4e","false"
"app/(no-layout)/manage/printer/modify.tsx","/manage/printer/modify","Kelola","FRAME_NOT_YET_MAPPED","","","","0174597063bea4d9604925c4d3e43c52160ec4c3a4ab1685c3338866578bf126","false"
"app/(no-layout)/manage/receipt/index.tsx","/manage/receipt","Kelola","DOCUMENTED_FRAME_PENDING_FULL_REFERENCE","1:28831","","docs/previews/receipt/README.md","5de128f9a6237e7ec56308cfca366a15d85040c22ca19bc448e3dc67057d8f18","false"
"app/(no-layout)/manage/receipt/modify.tsx","/manage/receipt/modify","Kelola","DOCUMENTED_FRAME_PENDING_FULL_REFERENCE","1:19070;1:19205","","docs/previews/receipt/README.md","1470122354cf170f448f86677d016cc8cadbb57a587eda7741a747289764c322","false"
"app/(no-layout)/manage/receipt/preview.tsx","/manage/receipt/preview","Kelola","DOCUMENTED_FRAME_PENDING_FULL_REFERENCE","1:21182","","docs/previews/receipt/README.md","8772a316fe00c2d59dc01dff784e24fecec3830c166ddac08fa9c2a44f092234","false"
"app/(no-layout)/manage/sales-target/detail.tsx","/manage/sales-target/detail","Kelola","GUIDE_ONLY_NO_FRAME_DOCUMENTED","","","docs/previews/sales-target/README.md","bc79a5582ca0752891b436aafdddc96b6afd767ab74d20305db684ff617c3145","false"
"app/(no-layout)/manage/sales-target/index.tsx","/manage/sales-target","Kelola","DOCUMENTED_FRAME_PENDING_FULL_REFERENCE","1:38146","","docs/previews/sales-target/README.md","c1cecc2370ce6827b97c1f08250b05b8ac245372cf45a9e39145dc873adc6df1","false"
"app/(no-layout)/manage/sales-target/modify.tsx","/manage/sales-target/modify","Kelola","DOCUMENTED_FRAME_PENDING_FULL_REFERENCE","1:37807;1:37843;1:37892;1:37968;1:38004","","docs/previews/sales-target/README.md","e342c11401195a54b237b299292720ccedb61e94e429c6a7d169059f0b81d67e","false"
"app/(no-layout)/manage/store/detail.tsx","/manage/store/detail","Kelola","FRAME_NOT_YET_MAPPED","","","","decb4b70246f8ba3b9e206c64b00d10f27c05f57fee8c0c614b28b9bba288392","false"
"app/(no-layout)/manage/store/index.tsx","/manage/store","Kelola","FRAME_NOT_YET_MAPPED","","","","2cd217d02015eed73c5321f15f32743ce0b363d2157048c45a8cd4157a302b44","false"
"app/(no-layout)/manage/store/modify.tsx","/manage/store/modify","Kelola","FRAME_NOT_YET_MAPPED","","","","88081481dacacaa0b59251502ca5c52ca0ca4ce853253ee3c94053e7ac6f3a3a","false"
"app/(no-layout)/manage/tax/index.tsx","/manage/tax","Kelola","FRAME_NOT_YET_MAPPED","","","","1cb7d0785242bd666a7199fea4af1f20dec97151e1da3d860b48a6e8391918f7","false"
"app/(no-layout)/manage/tax/modify.tsx","/manage/tax/modify","Kelola","FRAME_NOT_YET_MAPPED","","","","06b66361050bdaefc337f231acfc8b4db22061751defe20318451426fcdaabdd","false"
"app/(no-layout)/manage/workers/detail.tsx","/manage/workers/detail","Kelola","DOCUMENTED_FRAME_PENDING_FULL_REFERENCE","1:17623","","docs/WORKERS_UI_PROGRESS.md","b75a8abad632ad86d2c5beb47d28f64ffc81ee594cbfd2eb57038af03cf0ebaa","false"
"app/(no-layout)/manage/workers/index.tsx","/manage/workers","Kelola","DOCUMENTED_FRAME_PENDING_FULL_REFERENCE","1:17473","","docs/WORKERS_UI_PROGRESS.md","8ea897b0169ce4d675c11137ccc3a22ac84ee0265224b16ad2401daf9c05e66d","false"
"app/(no-layout)/manage/workers/modify.tsx","/manage/workers/modify","Kelola","DOCUMENTED_FRAME_PENDING_FULL_REFERENCE","1:17410","","docs/WORKERS_UI_PROGRESS.md","5832efda62cd0b48d201544ec29b488e27ba6c3715f2967212aedeec01abfaf9","false"
"app/(no-layout)/offer/discount/index.tsx","/offer/discount","Lainnya","FRAME_NOT_YET_MAPPED","","","","9a9d9c7b17f8c64f2b3a2afa9c6a8bc3d9a977a5eab448860c32479368127c4c","false"
"app/(no-layout)/offer/discount/modify.tsx","/offer/discount/modify","Lainnya","FRAME_NOT_YET_MAPPED","","","","1478fc0203919f08b3a6c4752831834444007fcd8b488a2ce76b70a8936ab64d","false"
"app/(no-layout)/offer/promo/index.tsx","/offer/promo","Lainnya","FRAME_NOT_YET_MAPPED","","","","28988e7b7b29129ef104b462e2a7ec5ad410c368e6a09fc8d3a853077070b696","false"
"app/(no-layout)/offer/promo/modify.tsx","/offer/promo/modify","Lainnya","FRAME_NOT_YET_MAPPED","","","","f3bf41ab91f1ccc0784944836ac69a05399bacf383a2f64fb3f5b3c8cae70e80","false"
"app/(no-layout)/offer/voucher/index.tsx","/offer/voucher","Lainnya","FRAME_NOT_YET_MAPPED","","","","7bc7798daa76215b0ed5abdd4312426ee9e045e7c9a453c26b1ce2729981467b","false"
"app/(no-layout)/offer/voucher/modify.tsx","/offer/voucher/modify","Lainnya","FRAME_NOT_YET_MAPPED","","","","623365adf0dcb421e41b3b7476b81a1414b3ea408f22aa3cb9a0f2a0bcea737e","false"
"app/(no-layout)/order-detail/index.tsx","/order-detail","Lainnya","FRAME_NOT_YET_MAPPED","","","","a8f2b4a8dae377da76374d2a520381c886e3636b603dd47091c721ae07aaf511","false"
"app/(no-layout)/order-detail/refund.tsx","/order-detail/refund","Lainnya","FRAME_NOT_YET_MAPPED","","","","393fb9e69484f3fa702480dd53cd8f99f57eb9ba4b9c2494c5f2e3284357a8fe","false"
"app/(no-layout)/order/finished.tsx","/order/finished","Lainnya","FRAME_NOT_YET_MAPPED","","","","b091ff9d792b8279aa08c1ae22043763d37a476da064ab39eba9190aa21eb854","false"
"app/(no-layout)/order/index.tsx","/order","Lainnya","FRAME_NOT_YET_MAPPED","","","","ceb7c1a662255559cf002a74359893627005122e55cd4805f854451c840221c6","false"
"app/(no-layout)/order/unpaid.tsx","/order/unpaid","Lainnya","FRAME_NOT_YET_MAPPED","","","","59b5755379e344ba3115faaf5b87aa1fae97ca97d4bf226ad062f2f165720dad","false"
"app/(no-layout)/terms-and-condition.tsx","/terms-and-condition","Lainnya","FRAME_NOT_YET_MAPPED","","","","02c5feca1c00bf6b946cb1d21ded7098ef14ef74e210624dcbb86e466881889e","false"
"app/(onboarding)/choose-store/create.tsx","/choose-store/create","Akses","FRAME_NOT_YET_MAPPED","","","","d363275fe955bd515bf2f3a9e6c98fcfb6f7462981980c4aa64c62c46b95d97f","false"
"app/(onboarding)/choose-store/index.tsx","/choose-store","Akses","FRAME_NOT_YET_MAPPED","","","","07a113eb2fc3d9802318f4b423cdfe3da5d68c981ff6823dff3d200cee09eeb0","false"
"app/(onboarding)/choose-store/pin.tsx","/choose-store/pin","Akses","FRAME_NOT_YET_MAPPED","","","","1f9da1aa275426c0e4b1db06e49f9c03fccec8b288fe205c829eb30599f2532a","false"
"app/(onboarding)/forgot-password.tsx","/forgot-password","Akses","CANDIDATE_METADATA_ONLY","","1:3396","","573f9bf8829be6764f77c49165b3336883251483f158bd657fa2b45d695c3dea","false"
"app/(onboarding)/login.tsx","/login","Akses","CANDIDATE_METADATA_ONLY","","1:2061","","f660e93c2ce254f877928a8d04975a56a87bc5cc686420b599cab87d3d676549","false"
"app/(onboarding)/onboarding.tsx","/onboarding","Akses","CANDIDATE_METADATA_ONLY","","1:2020;1:2034;1:2048","","9994c474d290e1c6ad5e6e380030c1e77183dd7106f352a826f3c23c300df779","false"
"app/(onboarding)/otp.tsx","/otp","Akses","CANDIDATE_METADATA_ONLY","","1:2085;1:3364","","93bc98c42e0a031e6e4f8547945640771436421ea2ea832868941a9daa852c5e","false"
"app/(onboarding)/register/index.tsx","/register","Akses","CANDIDATE_METADATA_ONLY","","1:2095;1:2135;1:2175;1:2215","","6f465199a78dd6b24f6e27f5cd04ed535dce915c4e45d7a86f392dbe0e3c561b","false"
"app/(onboarding)/register/wizard.tsx","/register/wizard","Akses","CANDIDATE_METADATA_ONLY","","1:2255;1:2271;1:2277;1:2474;1:2640;1:2806;1:2974;1:3140;1:3307","","b108196e4192b9bf071c97e41364f5688822c943f23d098b31f2c05e16245099","false"
"app/(onboarding)/reset-password.tsx","/reset-password","Akses","CANDIDATE_METADATA_ONLY","","1:3375","","407b0e943c8e7bb38d41d39df19636f8ebfba13b559661cfac4ddf66054a496a","false"
"app/(onboarding)/start.tsx","/start","Akses","FRAME_NOT_YET_MAPPED","","","","a56b80c648e42296aad75fa467c17513a98b4e2bf4d075612ed97ae20bd0ba0a","false"
"app/(operator)/detail.tsx","/detail","Operator","FRAME_NOT_YET_MAPPED","","","","e726ddf91bdfb9f184e181d7c704c7a62fcd33b573b286c60af4792bd35a8181","false"
"app/(operator)/home.tsx","/home","Operator","FRAME_NOT_YET_MAPPED","","","","0952730895aa2502ac03357e6bd5f1b8d7b6de39e0eb905665eca1350d8a3f2d","false"
"app/+not-found.tsx","/+not-found","Lainnya","FRAME_NOT_YET_MAPPED","","","","5a37f45f9595297e6b1b005fd4aff437e39ad85473fe6f2a4fb30869754b5088","false"
"app/index.tsx","/","Lainnya","FRAME_NOT_YET_MAPPED","","","","c06de0d4822c97e4eaa18733ef0632fc707ff2fb5bb244ee28160b43adfe7b5c","false"
